pref_delay,reliability,animal_ID,experiment_ID,selectivity,modulation_index
3,0.08557723916875987,1.0,1.0,0.9090909090909091,0.19161211089705563
1,0.06759832461341836,1.0,1.0,0.9090909090909091,0.25562733137113386
1,0.06980127012950417,1.0,1.0,0.7272727272727273,0.37833836685457717
1,0.11080700932826819,1.0,1.0,0.7272727272727273,0.35361006790617533
3,0.08559662804899541,1.0,1.0,0.9090909090909091,0.23732291468755118
3,0.052185719634831464,1.0,1.0,0.9090909090909091,0.25859645265004993
10,0.08207941277276341,1.0,1.0,0.9090909090909091,0.2556294386427092
7,0.06459926506683475,1.0,1.0,0.8181818181818181,0.25438698268870136
1,0.08624655195726652,1.0,1.0,0.8181818181818181,0.4426590365720117
5,0.06807247345163711,1.0,1.0,0.9090909090909091,0.2567909716074068
3,0.10798140511898101,1.0,1.0,0.9090909090909091,0.6773165935633153
3,0.25746277145334806,1.0,5.0,0.6363636363636364,0.29597245033953357
8,0.11477808273812966,1.0,5.0,0.6363636363636364,0.42658264938635126
2,0.12926764373536068,1.0,5.0,0.6363636363636364,0.370817734697434
2,0.11701443789516612,2.0,7.0,0.9090909090909091,0.39847734572697696
6,0.09501666523296125,2.0,7.0,0.9090909090909091,0.3027092107637207
5,0.09073269589040567,2.0,7.0,0.9090909090909091,0.3346924887329747
8,0.12099490421568906,2.0,7.0,0.9090909090909091,0.3968623285653883
8,0.3201638146286211,2.0,7.0,0.9090909090909091,0.2915751948892876
6,0.08076332188079693,2.0,8.0,0.7272727272727273,0.24280898869198256
2,0.14203376032118725,2.0,8.0,0.9090909090909091,0.567835117789847
3,0.05347004241238718,2.0,8.0,0.9090909090909091,0.16629512677380298
9,0.07433185881460473,2.0,9.0,0.9090909090909091,0.2392889674255155
8,0.08136842329313984,3.0,10.0,0.9090909090909091,0.23790666202737795
5,0.10624196584542485,3.0,10.0,0.9090909090909091,0.20660319274694283
5,0.11094226388826571,3.0,10.0,0.8181818181818181,0.2009330499103307
1,0.1620313460808659,3.0,10.0,0.9090909090909091,0.4784754043203899
5,0.2299479077062175,3.0,10.0,0.9090909090909091,0.5445078412916509
2,0.05212781137356882,3.0,10.0,0.7272727272727273,0.19384800829468324
1,0.07698086049545194,3.0,10.0,0.9090909090909091,0.18854209804677105
7,0.05466707921860239,3.0,10.0,0.7272727272727273,0.15171854269738444
6,0.06196167599778838,3.0,11.0,0.9090909090909091,0.19824650793044704
7,0.09127889822021373,3.0,11.0,0.9090909090909091,0.44460418792349493
2,0.08762710116543768,3.0,11.0,0.6363636363636364,0.40831387501493843
2,0.08666277054396733,3.0,11.0,0.9090909090909091,0.33512260659564513
4,0.2956556733133501,3.0,11.0,0.8181818181818181,0.21779517182194796
4,0.13803519685669116,3.0,11.0,0.8181818181818181,0.31006657507525254
9,0.19847172812937225,3.0,11.0,0.9090909090909091,0.33623670612276446
2,0.1090801858376464,3.0,11.0,0.9090909090909091,0.2991628600908144
2,0.3377821440144456,3.0,11.0,0.9090909090909091,0.13431258369361476
10,0.0517206633254482,3.0,14.0,0.9090909090909091,0.1939223465479012
9,0.08431471703053993,3.0,14.0,0.9090909090909091,0.24154857671145116
10,0.10485791829382912,3.0,14.0,0.9090909090909091,0.3861785396149755
3,0.05850039704475205,4.0,15.0,0.9090909090909091,0.17474791234540477
8,0.05355536745424892,4.0,15.0,0.9090909090909091,0.22069592841454816
10,0.23517113959235691,4.0,15.0,0.8181818181818181,0.38193462621827384
5,0.05878932679985053,4.0,15.0,0.9090909090909091,0.2126888892100063
8,0.07781048133813787,4.0,15.0,0.9090909090909091,0.31243765609450547
9,0.1710457994956207,4.0,15.0,0.6363636363636364,0.17837724126825033
8,0.0754548689358083,4.0,16.0,0.9090909090909091,0.20458638232508702
7,0.06087874119897121,4.0,16.0,0.7272727272727273,0.20080296614093027
6,0.09268506955869818,4.0,16.0,0.8181818181818181,0.38598118455994834
10,0.0634447745538507,4.0,16.0,0.9090909090909091,0.39568921633365717
5,0.05287438505225298,4.0,16.0,0.9090909090909091,0.29705595300597715
1,0.08372957985279601,4.0,16.0,0.9090909090909091,0.25559219554601315
5,0.04380208955458998,4.0,16.0,0.9090909090909091,0.3120973828677529
4,0.07051307081892813,4.0,16.0,0.9090909090909091,0.21858726660805824
2,0.07005190977806078,4.0,16.0,0.9090909090909091,0.2707219784911534
3,0.16628930210407855,4.0,16.0,0.9090909090909091,0.33066114328885604
2,0.05127466056910733,4.0,17.0,0.9090909090909091,0.250413055813388
9,0.09760050044236365,4.0,17.0,0.9090909090909091,0.44783482942649333
9,0.0932231259010485,4.0,17.0,0.9090909090909091,0.4368931533359074
2,0.09329026909123471,4.0,17.0,0.9090909090909091,0.25847819050268106
2,0.04199995233532619,4.0,18.0,0.9090909090909091,0.164402968090997
6,0.0515840367268143,4.0,18.0,0.9090909090909091,0.2884502123012849
6,0.07766109544695335,4.0,18.0,0.9090909090909091,0.31210301045457506
4,0.07133348485424139,4.0,18.0,0.9090909090909091,0.26279558970232636
6,0.08827954833156688,4.0,18.0,0.7272727272727273,0.41757617722966317
4,0.3406673039190473,4.0,19.0,0.8181818181818181,0.342034084682693
3,0.08298274134560092,4.0,19.0,0.9090909090909091,0.31099734124112705
5,0.2835298411407355,4.0,19.0,0.09090909090909094,0.309349291682519
2,0.08038092444345367,4.0,19.0,0.8181818181818181,0.1916194698397152
8,0.13824233923113374,4.0,19.0,0.9090909090909091,0.31026821723739606
8,0.24140825061957905,4.0,19.0,0.9090909090909091,0.6754059038332745
3,0.1378844287827778,4.0,19.0,0.8181818181818181,0.1646656116257761
8,0.18146603481608306,4.0,19.0,0.6363636363636364,0.4743423193008255
2,0.11062512689483907,4.0,19.0,0.9090909090909091,0.3186247276150198
5,0.14838625815080128,4.0,19.0,0.7272727272727273,0.33290455860295703
5,0.41553446520834825,4.0,19.0,0.9090909090909091,0.24932419005006956
7,0.11899692235145538,4.0,19.0,0.8181818181818181,0.5968266112992257
5,0.1243110893595795,4.0,19.0,0.7272727272727273,0.3712423074090097
6,0.05519909424713427,5.0,20.0,0.9090909090909091,0.2526625303254564
8,0.039074668384014966,5.0,20.0,0.8181818181818181,0.17632789165911125
3,0.12754050748505774,5.0,20.0,0.9090909090909091,0.415786314030526
0,0.05478406865515397,5.0,21.0,0.9090909090909091,0.22089526730954043
9,0.06876278991981308,5.0,21.0,0.9090909090909091,0.35664671264593545
2,0.20179049761435003,5.0,21.0,0.5454545454545454,0.23733824398587275
4,0.14478220976015535,5.0,21.0,0.9090909090909091,0.35432096916720096
4,0.18353071657749792,5.0,21.0,0.9090909090909091,0.19678650991815141
10,0.0675641491948263,5.0,23.0,0.7272727272727273,0.2496999508583157
8,0.10609920374781451,5.0,23.0,0.7272727272727273,0.30679006701113515
2,0.060971205154127135,5.0,23.0,0.9090909090909091,0.37061148324965976
2,0.15878226196077994,5.0,23.0,0.9090909090909091,0.11978623736793342
8,0.22242439108675668,5.0,23.0,0.8181818181818181,0.4212767746632263
5,0.0664566035668535,5.0,24.0,0.8181818181818181,0.2505026842171125
4,0.0769068821507351,5.0,24.0,0.9090909090909091,0.41033546245626973
2,0.09178368107424309,5.0,24.0,0.8181818181818181,0.4302925406350034
7,0.14127823709693027,5.0,24.0,0.9090909090909091,0.3376165690040736
5,0.2515413666961386,5.0,24.0,0.8181818181818181,0.8421457501251042
2,0.17665957127480927,6.0,25.0,0.7272727272727273,0.7490887879220689
0,0.16299844549819162,6.0,25.0,0.9090909090909091,0.17399469279045596
5,0.1569023527928563,6.0,25.0,0.9090909090909091,0.2743323200278497
3,0.1172753513953484,6.0,25.0,0.7272727272727273,0.5759797249712135
7,0.07292917446069962,8.0,28.0,0.2727272727272727,0.18439150643824012
10,0.06560719394080891,8.0,28.0,0.4545454545454546,0.3716886738598413
7,0.0626506845243769,8.0,28.0,0.6363636363636364,0.1906812692325891
10,0.07965762957881878,8.0,28.0,0.9090909090909091,0.16584269195558038
4,0.05644072081431911,8.0,28.0,0.8181818181818181,0.25229811667083635
7,0.060436259305476386,8.0,28.0,0.8181818181818181,0.16908561826621296
5,0.07136425124936327,8.0,28.0,0.18181818181818177,0.23429744525865834
9,0.0776061126985711,8.0,28.0,0.9090909090909091,0.22959568462471272
7,0.053432250611893065,8.0,29.0,0.4545454545454546,0.35654367693028605
3,0.18817733477453208,8.0,29.0,0.9090909090909091,0.6587370074222435
10,0.14015836762891937,8.0,29.0,0.8181818181818181,0.5528626615460145
3,0.07623468463049726,8.0,29.0,0.9090909090909091,0.23979986388675031
7,0.05899751119659,8.0,29.0,0.8181818181818181,0.381454649346642
10,0.0869575619818424,8.0,29.0,0.9090909090909091,0.3127477124765257
7,0.09182694311959874,8.0,29.0,0.9090909090909091,0.3019343167268492
8,0.06977560276265538,8.0,29.0,0.8181818181818181,0.36130682798627306
8,0.05740801773395802,7.0,33.0,0.9090909090909091,0.25558430801172677
5,0.09440166373206037,7.0,33.0,0.2727272727272727,0.09550874838586558
5,0.061596219928102255,7.0,33.0,0.9090909090909091,0.302652769051369
5,0.10113770138523706,7.0,33.0,0.9090909090909091,0.6292091685633171
9,0.07426898135174236,7.0,33.0,0.7272727272727273,0.13040828026200807
5,0.07507740943224812,7.0,33.0,0.18181818181818177,0.2571018856656958
4,0.04680011365395579,7.0,33.0,0.9090909090909091,0.15594962577487476
8,0.07604927042359245,7.0,33.0,0.8181818181818181,0.19869441589781264
6,0.08436959833908417,7.0,33.0,0.18181818181818177,0.3301388226676678
8,0.4296079226455828,7.0,33.0,0.2727272727272727,0.7052078508057663
5,0.09338119186968204,7.0,33.0,0.6363636363636364,0.31838879957175775
9,0.07362330286639279,7.0,33.0,0.8181818181818181,0.16722525645278888
5,0.05153941042981079,7.0,33.0,0.9090909090909091,0.21746081146377222
0,0.06876867301460583,7.0,33.0,0.6363636363636364,0.2809308342529615
7,0.17467787904891657,7.0,33.0,0.8181818181818181,0.7032389408609282
9,0.05949089480928376,7.0,34.0,0.9090909090909091,0.12847521247876809
10,0.07125947854018548,7.0,34.0,0.8181818181818181,0.09373850316321689
1,0.08779893989720136,7.0,34.0,0.9090909090909091,0.21696413474994264
6,0.07092038280334564,7.0,34.0,0.6363636363636364,0.2911602382349501
5,0.07677447225195838,8.0,35.0,0.9090909090909091,0.13282885660436453
8,0.052602543475063976,8.0,35.0,0.9090909090909091,0.21182976855266852
6,0.0743398479637882,8.0,35.0,0.8181818181818181,0.28642212561964875
3,0.06910011409176069,8.0,35.0,0.9090909090909091,0.20770816789233662
9,0.19174968998375932,8.0,35.0,0.7272727272727273,0.3004298801880437
2,0.3818850903150589,8.0,35.0,0.8181818181818181,0.2500411711601786
3,0.07294539781699769,8.0,36.0,0.9090909090909091,0.25906250639081746
7,0.05214251702144813,8.0,36.0,0.9090909090909091,0.21528221567689074
10,0.04440531461173622,8.0,36.0,0.7272727272727273,0.20651732705625359
6,0.039645992136295244,8.0,36.0,0.5454545454545454,0.2212844913050243
3,0.0455647613008943,8.0,36.0,0.9090909090909091,0.2659828298685932
0,0.06885836438693585,8.0,36.0,0.9090909090909091,0.40944744082064366
5,0.12040074852996942,8.0,37.0,0.8181818181818181,0.4687170649617912
10,0.10078519821109093,8.0,37.0,0.8181818181818181,0.6163065473706152
10,0.11176381609475272,8.0,37.0,0.8181818181818181,0.403232719964586
2,0.25274710956217894,8.0,37.0,0.8181818181818181,0.5419107231387835
2,0.17730153536306442,8.0,37.0,0.8181818181818181,0.3303942137041113
7,0.05896620690619043,9.0,38.0,0.8181818181818181,0.12602696531861982
3,0.23188203437393265,9.0,38.0,0.8181818181818181,0.40031834732768135
2,0.046825506922032877,9.0,38.0,0.9090909090909091,0.1821062193726437
5,0.17993126620920172,9.0,38.0,0.36363636363636365,0.37621668891319016
2,0.4179894129240776,9.0,38.0,0.6363636363636364,0.3248339863564456
8,0.05381167819080427,9.0,38.0,0.8181818181818181,0.2561341810968015
2,0.3994813873501654,9.0,38.0,0.6363636363636364,0.3437850206758537
6,0.06001678230530325,9.0,38.0,0.6363636363636364,0.1809238187499706
1,0.06268290891909616,9.0,38.0,0.5454545454545454,0.34449374510140934
9,0.056491667492060256,9.0,38.0,0.9090909090909091,0.16137457588863538
5,0.06662265275801874,9.0,38.0,0.8181818181818181,0.17376469741708245
8,0.06323618045705255,9.0,38.0,0.4545454545454546,0.13325608506283415
5,0.0833948670778318,9.0,38.0,0.7272727272727273,0.19458340688470874
6,0.26243958647974713,9.0,38.0,0.36363636363636365,0.20873131211264676
5,0.054482114494435595,9.0,38.0,0.9090909090909091,0.2833440849554652
5,0.0649149415861235,9.0,38.0,0.9090909090909091,0.18935536282429494
4,0.09401394744710016,9.0,38.0,0.8181818181818181,0.3153227419187696
5,0.16601698762690562,9.0,38.0,0.9090909090909091,0.5780831819659902
7,0.32364858914476097,9.0,38.0,0.7272727272727273,0.3655779639371607
2,0.07627221987316714,9.0,39.0,0.8181818181818181,0.2702941086463442
8,0.11488595563677112,9.0,39.0,0.6363636363636364,0.23828429986685326
3,0.0734800005319992,9.0,39.0,0.6363636363636364,0.142003084399012
7,0.08840031027423598,9.0,39.0,0.9090909090909091,0.2683679821097103
4,0.08065553835204275,9.0,39.0,0.9090909090909091,0.3176319257446137
9,0.0793271541691436,9.0,39.0,0.9090909090909091,0.47124151549473
5,0.04290776949332201,9.0,39.0,0.9090909090909091,0.23743455709828754
8,0.10675057713563442,9.0,39.0,0.7272727272727273,0.3959988026797816
4,0.11183770428039697,9.0,39.0,0.9090909090909091,0.4137250824315574
4,0.23835545331679797,9.0,39.0,0.9090909090909091,0.2542152443472738
2,0.07407558295210011,9.0,40.0,0.9090909090909091,0.5160953127249639
6,0.4933008001399089,9.0,40.0,0.9090909090909091,0.21855160174269225
6,0.09952842388870607,9.0,40.0,0.9090909090909091,0.4416360069421912
1,0.1173013620431389,10.0,43.0,0.8181818181818181,0.6842199571555317
1,0.05492125552756996,10.0,43.0,0.9090909090909091,0.1478306361322193
1,0.06368023753866882,10.0,43.0,0.9090909090909091,0.316088847147485
1,0.10343714934388398,10.0,43.0,0.4545454545454546,0.3806832418247302
2,0.0784530976742813,10.0,43.0,0.9090909090909091,0.18958072452464306
1,0.08813062322790777,10.0,43.0,0.9090909090909091,0.28897494549960584
4,0.39159543959205717,10.0,43.0,0.9090909090909091,0.2845283274353254
5,0.04423537359898193,10.0,44.0,0.6363636363636364,0.15862084876259963
5,0.09970588642667878,10.0,44.0,0.6363636363636364,0.24245002686818465
6,0.09001319486625756,10.0,44.0,0.9090909090909091,0.25159877530354596
5,0.06685227506988119,10.0,44.0,0.9090909090909091,0.26256160083906516
4,0.2084085327695697,10.0,44.0,0.9090909090909091,0.292316355274304
8,0.22808584030367107,10.0,44.0,0.9090909090909091,0.4697408440663128
1,0.09229671385588342,10.0,44.0,0.9090909090909091,0.18313234398668668
7,0.07210486450686347,10.0,45.0,0.9090909090909091,0.1094319602098787
2,0.09597652074468785,10.0,45.0,0.9090909090909091,0.45623855215585424
1,0.10115002243322407,10.0,45.0,0.9090909090909091,0.38828494754430304
6,0.09300569330699801,10.0,46.0,0.4545454545454546,0.37058692639645896
8,0.06220676000699107,10.0,46.0,0.36363636363636365,0.35582702853654347
1,0.057182950546378786,10.0,46.0,0.8181818181818181,0.20680045266427627
3,0.09202447144602187,10.0,46.0,0.5454545454545454,0.29425449193574393
7,0.08110124065174878,10.0,46.0,0.9090909090909091,0.2457568595541477
3,0.07607011664031024,10.0,46.0,0.8181818181818181,0.18828120060249534
8,0.10679338466183111,10.0,46.0,0.36363636363636365,0.2225109427350141
6,0.07323622548317457,10.0,46.0,0.6363636363636364,0.3867382792593858
6,0.13438657035775076,10.0,46.0,0.6363636363636364,0.39157602488256044
2,0.1124679012135327,10.0,46.0,0.8181818181818181,0.15054643286622918
3,0.06371881125727687,10.0,46.0,0.9090909090909091,0.2950706682048173
2,0.08316178996032379,10.0,46.0,0.6363636363636364,0.49144001618406624
1,0.7725020527475127,10.0,46.0,0.9090909090909091,0.061686927773007744
2,0.14529785491389777,10.0,46.0,0.8181818181818181,0.20891188239713715
1,0.3222988062366887,10.0,46.0,0.7272727272727273,0.36485119042037273
1,0.3479568439246814,10.0,46.0,0.7272727272727273,0.15116796536315094
0,0.40678129626591975,10.0,46.0,0.8181818181818181,0.17742468622549062
3,0.18061723467388147,10.0,46.0,0.9090909090909091,0.2022685883007716
7,0.1066848709141091,10.0,46.0,0.9090909090909091,0.3674662426703489
6,0.10417997344180437,10.0,47.0,0.5454545454545454,0.4192109500290218
6,0.08843182425388693,10.0,47.0,0.9090909090909091,0.2963826250238426
4,0.18079954253318756,10.0,47.0,0.4545454545454546,0.28832488605970785
6,0.10554914672650277,10.0,47.0,0.6363636363636364,0.09212023834851163
5,0.07040718782273173,10.0,47.0,0.7272727272727273,0.13868819718798636
6,0.06548611230158286,10.0,47.0,0.8181818181818181,0.17799667657504503
8,0.08911415485164943,10.0,47.0,0.7272727272727273,0.43947110672018713
4,0.0901855249539371,10.0,47.0,0.6363636363636364,0.1587239261289256
10,0.24503176041141647,10.0,47.0,0.9090909090909091,0.5806217522980307
6,0.0651588831968437,10.0,47.0,0.7272727272727273,0.23098049335914533
4,0.08652515685013472,10.0,47.0,0.7272727272727273,0.4272291827845492
5,0.07042584918472121,11.0,49.0,0.9090909090909091,0.20538586807053905
3,0.09660805431129726,11.0,49.0,0.9090909090909091,0.26184866957709374
10,0.21057393400892813,11.0,49.0,0.9090909090909091,0.2303834215094791
0,0.24812056568384674,11.0,49.0,0.9090909090909091,0.18482630844766484
6,0.10409965922641626,11.0,50.0,0.8181818181818181,0.35733965965868797
3,0.06251449862027847,11.0,50.0,0.8181818181818181,0.28372111110409515
6,0.06409299489105076,11.0,50.0,0.9090909090909091,0.35235331541080767
2,0.06073123161258821,11.0,50.0,0.7272727272727273,0.2432295125624953
7,0.06329535303539145,11.0,50.0,0.9090909090909091,0.222867750260244
7,0.28351854805871773,11.0,50.0,0.9090909090909091,0.35403516266498075
0,0.09008230013185517,11.0,50.0,0.8181818181818181,0.32509002986233587
0,0.48549801472242615,11.0,50.0,0.9090909090909091,0.20442734745344876
5,0.09672907336647846,11.0,51.0,0.7272727272727273,0.2888767451610583
10,0.043863195609298404,11.0,51.0,0.7272727272727273,0.1527767299201842
6,0.04333643977879494,11.0,51.0,0.9090909090909091,0.2668789036880751
6,0.15368468851835435,11.0,51.0,0.9090909090909091,0.36293900088737313
10,0.09736662672831514,11.0,51.0,0.6363636363636364,0.32026060518637256
6,0.11628413770806287,11.0,51.0,0.8181818181818181,0.3128415870710933
5,0.07395721293879443,11.0,52.0,0.8181818181818181,0.23612222487875512
3,0.0588669642248999,11.0,52.0,0.9090909090909091,0.20334369126826304
10,0.09971070353562116,11.0,52.0,0.6363636363636364,0.10093674759191602
4,0.12884447429799545,11.0,52.0,0.8181818181818181,0.38790929212168573
7,0.038760562017738365,11.0,52.0,0.9090909090909091,0.33109451535866025
7,0.10020785314847168,11.0,52.0,0.9090909090909091,0.31650630062188945
1,0.11560746531059399,11.0,52.0,0.2727272727272727,0.19694395680630095
4,0.09819262131284921,11.0,52.0,0.9090909090909091,0.21069194155223878
4,0.06950682198872293,11.0,52.0,0.8181818181818181,0.26905234349631046
1,0.12268849438186526,11.0,52.0,0.36363636363636365,0.3981401610338405
10,0.05682634467241797,11.0,52.0,0.7272727272727273,0.15266887939890153
4,0.10477650938788194,11.0,52.0,0.6363636363636364,0.2442425320822941
1,0.16913725428235402,11.0,52.0,0.6363636363636364,0.7120677018012603
6,0.2086555819687653,11.0,52.0,0.8181818181818181,0.35010570988467565
6,0.10836839743791861,11.0,52.0,0.9090909090909091,0.36790311404064546
3,0.12124653545820421,11.0,52.0,0.8181818181818181,0.41886936061564967
6,0.13935639073656506,12.0,53.0,0.9090909090909091,0.3218509302911411
9,0.07223905957703007,12.0,53.0,0.8181818181818181,0.3209283109339981
9,0.06009343636390962,12.0,53.0,0.6363636363636364,0.1599689612880636
1,0.04626697471458174,12.0,53.0,0.9090909090909091,0.18394249675640642
3,0.07270746097950093,12.0,53.0,0.9090909090909091,0.2653983931144638
3,0.10724715739741737,12.0,53.0,0.8181818181818181,0.16972443797252237
6,0.10983431924569258,12.0,53.0,0.9090909090909091,0.382476838189934
7,0.11740272202927095,12.0,53.0,0.9090909090909091,0.2521430898932191
3,0.06643342857601774,12.0,54.0,0.8181818181818181,0.1091897284519575
1,0.07411046142183779,12.0,54.0,0.7272727272727273,0.23028080728958727
7,0.05761625767043459,12.0,54.0,0.8181818181818181,0.23613387652643467
4,0.09849048402292636,12.0,54.0,0.8181818181818181,0.23813992489454272
3,0.08490639837709942,12.0,54.0,0.8181818181818181,0.27462705929995296
6,0.19259251566603186,12.0,55.0,0.7272727272727273,0.44104576293015213
9,0.2894345626315558,12.0,55.0,0.09090909090909094,0.667577371760271
6,0.26542543393314316,12.0,55.0,0.36363636363636365,0.37515557071857414
4,0.16789829595147956,12.0,55.0,0.36363636363636365,0.4572845011439072
10,0.3459194850959643,12.0,55.0,0.9090909090909091,0.2027846014628508
9,0.35073323678476576,12.0,55.0,0.09090909090909094,0.7091508729752304
6,0.05469047273161759,12.0,55.0,0.8181818181818181,0.28157121124016393
10,0.25467437345053706,12.0,55.0,0.18181818181818177,0.45280622151645916
9,0.06062486705220083,12.0,55.0,0.9090909090909091,0.20237512803194307
5,0.10427380451659438,12.0,55.0,0.6363636363636364,0.3103721713247042
8,0.19233666211925993,12.0,55.0,0.36363636363636365,0.3718171006146246
10,0.15466055852911492,12.0,55.0,0.6363636363636364,0.36129246062139675
9,0.10737209535421186,12.0,55.0,0.9090909090909091,0.2896834648520206
10,0.14325233299272194,12.0,55.0,0.36363636363636365,0.2542162328136396
3,0.10951003696184655,12.0,55.0,0.6363636363636364,0.356742918501224
8,0.10172405328635749,12.0,55.0,0.9090909090909091,0.3040909736636676
3,0.08284790462178941,12.0,55.0,0.5454545454545454,0.29073279620415476
8,0.19268064378295635,12.0,55.0,0.5454545454545454,0.1931227580548674
8,0.19399564421375126,12.0,55.0,0.5454545454545454,0.5459424223791839
8,0.10761908191664678,12.0,55.0,0.6363636363636364,0.29684361465850034
7,0.08125678822904141,12.0,55.0,0.4545454545454546,0.3233379453159119
7,0.048859645156351536,12.0,55.0,0.6363636363636364,0.2377636307850939
9,0.04498190647828603,12.0,55.0,0.9090909090909091,0.2540243504547712
8,0.21633580763849405,12.0,55.0,0.2727272727272727,0.3188912571680662
8,0.08811073540870108,12.0,55.0,0.4545454545454546,0.3849887406973832
10,0.10418781643485223,12.0,55.0,0.8181818181818181,0.43365129298823096
6,0.07964452467534594,12.0,55.0,0.9090909090909091,0.3789658425634724
8,0.21747744853294543,12.0,55.0,0.8181818181818181,0.5746855510786311
6,0.1583370241427604,12.0,55.0,0.7272727272727273,0.27646720037540146
9,0.05826168858071659,12.0,55.0,0.8181818181818181,0.17052263760885483
7,0.10745811452565743,12.0,55.0,0.2727272727272727,0.3150046569374494
10,0.1488222962954211,12.0,55.0,0.8181818181818181,0.38463170679828385
6,0.10292752976729636,12.0,55.0,0.8181818181818181,0.18804429634305292
8,0.09715029861396189,12.0,55.0,0.5454545454545454,0.32800978044578005
4,0.04739905864536139,12.0,55.0,0.7272727272727273,0.19240673541116143
10,0.16807529672860083,12.0,55.0,0.7272727272727273,0.1997040070279501
9,0.0847709031402421,12.0,55.0,0.4545454545454546,0.19519718918118356
10,0.08378349430174603,12.0,55.0,0.9090909090909091,0.36404453788352886
10,0.10033130485879449,12.0,55.0,0.9090909090909091,0.1518606099318898
10,0.11673553613551663,12.0,55.0,0.9090909090909091,0.3420924893211911
9,0.08346397362942877,12.0,56.0,0.36363636363636365,0.281069942952368
5,0.08727227546396651,12.0,56.0,0.9090909090909091,0.5049841957534154
9,0.05881921740685876,12.0,56.0,0.8181818181818181,0.14984096792961374
9,0.13069354474581044,12.0,56.0,0.4545454545454546,0.3650070569186496
10,0.07995225260261411,12.0,57.0,0.8181818181818181,0.24789583721586422
8,0.10581854997994476,12.0,57.0,0.8181818181818181,0.17902926330875535
5,0.11179881538080468,12.0,57.0,0.9090909090909091,0.2708711653578203
8,0.07934904965716257,12.0,57.0,0.9090909090909091,0.18534605808910729
8,0.1624971544179676,12.0,57.0,0.9090909090909091,0.5446057227332424
5,0.14071390323225602,12.0,57.0,0.7272727272727273,0.35173800937840105
9,0.07727140081652803,12.0,57.0,0.8181818181818181,0.3690455389690652
2,0.26287360260158554,12.0,57.0,0.36363636363636365,0.16134536501270993
6,0.21222137018021822,12.0,58.0,0.2727272727272727,0.4229695583954619
5,0.0543800602229184,12.0,58.0,0.9090909090909091,0.2005336968911036
8,0.090465052971852,12.0,58.0,0.8181818181818181,0.3900054850430052
0,0.07422488416884596,12.0,58.0,0.9090909090909091,0.3158762070163045
0,0.04679073786396062,12.0,58.0,0.7272727272727273,0.2147991219647418
8,0.05167570887700583,12.0,58.0,0.6363636363636364,0.44908018598660343
2,0.05307007478847503,12.0,58.0,0.9090909090909091,0.1492212398583129
8,0.053100706273661515,12.0,58.0,0.9090909090909091,0.19536440537475055
3,0.05612931222327512,12.0,58.0,0.9090909090909091,0.43299075089293293
10,0.08976169518961155,12.0,58.0,0.9090909090909091,0.23721921613895167
0,0.05045399937126646,12.0,58.0,0.9090909090909091,0.6144686742863004
10,0.09983702190289545,13.0,59.0,0.4545454545454546,0.3240430221441952
3,0.11314657389224325,13.0,59.0,0.8181818181818181,0.2568316533956398
4,0.07612374114071072,13.0,59.0,0.9090909090909091,0.2494634329218332
3,0.15904295200536034,13.0,59.0,0.6363636363636364,0.28850867393664903
7,0.11419012210497329,13.0,59.0,0.8181818181818181,0.2819686121009245
0,0.22763600029706765,13.0,59.0,0.9090909090909091,0.40544111064158855
3,0.14236819921643282,13.0,59.0,0.9090909090909091,0.21617991720554267
10,0.289372660988881,13.0,59.0,0.9090909090909091,0.29002416299453104
10,0.1756500915464663,13.0,59.0,0.9090909090909091,0.4186863381060267
8,0.23657942013442215,13.0,59.0,0.9090909090909091,0.3614522656383608
9,0.5332458772476685,13.0,59.0,0.8181818181818181,0.15939859628113492
4,0.4159948255482073,13.0,59.0,0.7272727272727273,0.23934085672597863
8,0.2580537051676507,13.0,59.0,0.9090909090909091,0.4167592498595476
8,0.19346141806833053,13.0,59.0,0.8181818181818181,0.19479221160500795
0,0.06699626113257859,13.0,60.0,0.9090909090909091,0.3976513985201647
5,0.1003355983044055,13.0,60.0,0.6363636363636364,0.28285454576533836
2,0.1719785384763498,13.0,60.0,0.4545454545454546,0.2045904969003506
4,0.071790287421581,13.0,60.0,0.6363636363636364,0.1362793549820164
4,0.09610334120578784,13.0,60.0,0.9090909090909091,0.24723035137598157
7,0.12791842639310874,13.0,60.0,0.9090909090909091,0.08730515275483686
7,0.14149228087043447,13.0,60.0,0.9090909090909091,0.4405911751032084
6,0.12915191020794625,13.0,60.0,0.8181818181818181,0.23664376618898322
10,0.0919299740926259,13.0,60.0,0.8181818181818181,0.18908417384972798
7,0.19798218132149592,13.0,60.0,0.9090909090909091,0.5740537932711172
1,0.3488933625513853,13.0,60.0,0.9090909090909091,0.16456241201100633
5,0.11005472219069098,13.0,60.0,0.8181818181818181,0.4251905812168905
2,0.1353286186841292,13.0,60.0,0.8181818181818181,0.19860414577556681
5,0.15951706867231807,13.0,60.0,0.9090909090909091,0.31896259294937407
8,0.15474909196754827,13.0,60.0,0.9090909090909091,0.19070936111957823
4,0.18254993433183983,13.0,60.0,0.9090909090909091,0.432593007990455
10,0.07184452101259124,13.0,60.0,0.7272727272727273,0.3622362183927506
6,0.11669814846231262,13.0,61.0,0.5454545454545454,0.26674255330317886
0,0.13431833751702457,13.0,61.0,0.9090909090909091,0.34095059614565953
3,0.07891189649354874,13.0,61.0,0.9090909090909091,0.3372307953815674
5,0.08695597244143778,13.0,61.0,0.9090909090909091,0.37366456641660895
0,0.10404738458322238,13.0,61.0,0.9090909090909091,0.39073497398868545
1,0.137842484528544,13.0,61.0,0.7272727272727273,0.5054829500812176
0,0.1053933170692198,13.0,61.0,0.5454545454545454,0.24232438336454448
5,0.10277789875602923,13.0,61.0,0.9090909090909091,0.2258151475654829
2,0.1255779800333838,13.0,61.0,0.9090909090909091,0.40800277457324197
2,0.22820545795548644,13.0,61.0,0.9090909090909091,0.19363360339317434
5,0.3269830705645252,13.0,61.0,0.8181818181818181,0.2090057896964095
6,0.20205586442636492,13.0,61.0,0.9090909090909091,0.47592578072275793
7,0.22577413465188376,13.0,61.0,0.09090909090909094,0.24309806718425592
10,0.2618612948112119,13.0,61.0,0.4545454545454546,0.2283740510063155
10,0.12058262205217626,13.0,61.0,0.9090909090909091,0.342132484272314
10,0.20917105001193045,13.0,61.0,0.9090909090909091,0.26914505563918256
6,0.3246561237696782,13.0,61.0,0.8181818181818181,0.21637527509482093
0,0.06267871369674159,13.0,61.0,0.8181818181818181,0.16344959009099472
7,0.20382441761112527,13.0,62.0,0.9090909090909091,0.6498099339074541
3,0.33274618436508346,13.0,62.0,0.9090909090909091,0.15424053739045637
5,0.4018087185744356,13.0,62.0,0.9090909090909091,0.1552129660007425
10,0.07460868127219573,13.0,63.0,0.9090909090909091,0.16699996382262258
10,0.13285491369886832,13.0,63.0,0.8181818181818181,0.3810291509027269
0,0.05120284786835551,13.0,63.0,0.9090909090909091,0.13520399875159245
10,0.19928075591557423,13.0,63.0,0.9090909090909091,0.2290627441610296
10,0.15818919799360867,13.0,63.0,0.9090909090909091,0.32363136213076127
10,0.6242354102318904,13.0,63.0,0.9090909090909091,0.7557973676840514
10,0.19186415051260336,13.0,63.0,0.7272727272727273,0.3014488936602988
10,0.07049263229469985,13.0,63.0,0.9090909090909091,0.21563580044604802
1,0.058447982030037565,14.0,64.0,0.9090909090909091,0.29098143025896106
9,0.09174782431709,14.0,64.0,0.7272727272727273,0.23447868878786834
10,0.10706131302769266,14.0,64.0,0.4545454545454546,0.30803179574465206
0,0.10587360870155565,14.0,64.0,0.9090909090909091,0.4113436779663069
7,0.1384093052601199,14.0,64.0,0.9090909090909091,0.1546719677563117
10,0.0885642123502952,14.0,64.0,0.5454545454545454,0.3432756044787196
4,0.1089356892780903,14.0,64.0,0.9090909090909091,0.45264465443031315
2,0.17150670214494443,14.0,64.0,0.9090909090909091,0.22731757280613243
6,0.2155322412369303,14.0,65.0,0.9090909090909091,0.19624118167576596
8,0.09770262730187206,14.0,65.0,0.9090909090909091,0.15431279770560954
9,0.08394285682072623,14.0,66.0,0.8181818181818181,0.25563136188052504
9,0.10175265057566617,14.0,66.0,0.9090909090909091,0.42339504583130666
10,0.13099194803012873,14.0,66.0,0.8181818181818181,0.2960018925466096
6,0.11572889471282813,14.0,66.0,0.9090909090909091,0.1795291314094952
9,0.17362661435559046,14.0,66.0,0.9090909090909091,0.13996087787338757
9,0.25650676822920343,14.0,66.0,0.9090909090909091,0.2810098941098821
4,0.09365551821277036,14.0,66.0,0.7272727272727273,0.28852327884261786
8,0.1366258721576706,14.0,66.0,0.7272727272727273,0.3668034995005737
2,0.15247157544616566,14.0,66.0,0.9090909090909091,0.5536747359890839
10,0.24636144563001444,14.0,66.0,0.36363636363636365,0.507033940535769
5,0.2506465907500846,14.0,66.0,0.9090909090909091,0.3792107556237198
0,0.13649425780405983,14.0,67.0,0.8181818181818181,0.22629563322397264
5,0.3331990265511994,14.0,67.0,0.9090909090909091,0.31840441738626
5,0.08341043624491438,14.0,67.0,0.8181818181818181,0.17223615410208518
9,0.13311759539419085,14.0,67.0,0.5454545454545454,0.22560357143298598
4,0.1830732657876619,14.0,67.0,0.36363636363636365,0.14590500035838247
9,0.09583573606099226,14.0,67.0,0.2727272727272727,0.13562888364988995
7,0.1049579539638818,14.0,67.0,0.9090909090909091,0.38483893633808436
9,0.13294844478610582,14.0,67.0,0.18181818181818177,0.22865214598667585
2,0.07564132395385902,14.0,67.0,0.9090909090909091,0.2295836499308808
1,0.20401443673601707,14.0,67.0,0.9090909090909091,0.1827099105404097
1,0.0886473969065664,14.0,68.0,0.8181818181818181,0.2246706458682382
2,0.0620400180649629,14.0,68.0,0.9090909090909091,0.25042181688797693
4,0.17425833401653587,14.0,68.0,0.6363636363636364,0.2452520388511144
3,0.15592531285502623,14.0,68.0,0.6363636363636364,0.4155700269493475
9,0.1529191100503628,14.0,68.0,0.9090909090909091,0.28352632819014073
9,0.21570322395569877,14.0,69.0,0.6363636363636364,0.3498385679310982
1,0.07103808007810011,14.0,69.0,0.8181818181818181,0.4228292925300045
5,0.1334822337697124,15.0,70.0,0.9090909090909091,0.4089477391835915
3,0.15070388978379926,15.0,70.0,0.9090909090909091,0.4287611562732592
6,0.07681698519388212,15.0,70.0,0.8181818181818181,0.1794133302827117
1,0.068807016818952,15.0,70.0,0.8181818181818181,0.2945094463188086
2,0.08601896989301346,15.0,70.0,0.9090909090909091,0.34395401939392145
4,0.11468549843357037,15.0,70.0,0.9090909090909091,0.3641130203146546
3,0.3684285325647455,15.0,70.0,0.18181818181818177,0.32362464369914445
2,0.07810682158025078,15.0,70.0,0.9090909090909091,0.26997832626587004
6,0.05498895673912855,15.0,71.0,0.7272727272727273,0.4084588096414858
0,0.1131867107851695,15.0,71.0,0.8181818181818181,0.36624030188810297
9,0.05940406418397689,15.0,71.0,0.9090909090909091,0.24228974423412467
5,0.05608247328650219,15.0,71.0,0.9090909090909091,0.2612702785608451
5,0.08619875684264969,15.0,71.0,0.9090909090909091,0.35298947249975443
0,0.08677778876842716,15.0,71.0,0.6363636363636364,0.38672999064254726
6,0.12156815212450792,15.0,71.0,0.8181818181818181,0.27769213483523314
0,0.10026613323059565,15.0,72.0,0.9090909090909091,0.23862632157548944
3,0.0824907030597124,15.0,72.0,0.9090909090909091,0.24283257265372757
0,0.0806636722460124,15.0,72.0,0.7272727272727273,0.24643223915131648
5,0.11365607624093892,15.0,72.0,0.9090909090909091,0.3006049392581349
7,0.10787806888649251,15.0,72.0,0.2727272727272727,0.17093145218626146
5,0.07130519604121567,15.0,72.0,0.8181818181818181,0.2939539958218017
7,0.08736069254675238,15.0,72.0,0.6363636363636364,0.2886570547925749
5,0.08510174923650046,15.0,72.0,0.9090909090909091,0.28928070934998895
5,0.06743721471280933,15.0,72.0,0.9090909090909091,0.48266786683261476
9,0.18708547542941614,15.0,72.0,0.2727272727272727,0.6023455824617656
9,0.39230231930693354,15.0,72.0,0.09090909090909094,0.3313427149469343
9,0.10767845264712309,15.0,72.0,0.7272727272727273,0.43852881422928
4,0.1815453913128554,15.0,72.0,0.9090909090909091,0.23110906775845808
8,0.07270824326561937,15.0,72.0,0.9090909090909091,0.20392731051851706
1,0.10010145026322127,15.0,72.0,0.9090909090909091,0.35298862148002974
3,0.17115087791858002,15.0,72.0,0.6363636363636364,0.5164965752814686
0,0.11764855115178939,15.0,72.0,0.6363636363636364,0.3294454261195565
4,0.15628583939701135,15.0,73.0,0.8181818181818181,0.5123575363930721
2,0.05904837075522494,15.0,73.0,0.9090909090909091,0.23815222847325945
4,0.09655064735737318,15.0,73.0,0.6363636363636364,0.21195443578973153
10,0.07383611622063364,15.0,73.0,0.9090909090909091,0.2763274441109278
10,0.1296011695753069,15.0,73.0,0.7272727272727273,0.4478687561614079
6,0.046198088378586064,15.0,73.0,0.9090909090909091,0.2457312335884832
6,0.05345794324705759,15.0,73.0,0.9090909090909091,0.2672520200654731
6,0.05489715762506869,15.0,73.0,0.9090909090909091,0.24307656609149117
7,0.06996066318787839,15.0,73.0,0.8181818181818181,0.2282995857983821
5,0.10343764534662278,15.0,73.0,0.6363636363636364,0.501654389564485
0,0.05927754342384218,15.0,73.0,0.9090909090909091,0.469501225472227
7,0.2990810756138055,15.0,73.0,0.4545454545454546,0.35311903090052615
10,0.19838637936667028,15.0,73.0,0.8181818181818181,0.1867573743250678
2,0.05686836543698897,15.0,74.0,0.9090909090909091,0.1191822835006831
3,0.048345788849654535,15.0,74.0,0.9090909090909091,0.15470086998751195
9,0.09555581465573751,15.0,74.0,0.9090909090909091,0.3510103983390424
8,0.252948382736418,16.0,75.0,0.9090909090909091,0.3972861940690111
0,0.1369193349605612,16.0,75.0,0.9090909090909091,0.43414330578500593
3,0.10166594141850491,16.0,75.0,0.9090909090909091,0.3458078750654322
7,0.07350373061659587,16.0,76.0,0.9090909090909091,0.12845695372543942
6,0.0807739998819307,16.0,76.0,0.9090909090909091,0.2733549278806909
10,0.07089751015314566,16.0,76.0,0.7272727272727273,0.15782607029230594
2,0.17541339230803923,16.0,76.0,0.4545454545454546,0.6446719010186027
7,0.14368740807123515,16.0,76.0,0.4545454545454546,0.6342372415328398
1,0.14837328617119108,16.0,76.0,0.9090909090909091,0.41519445923810366
9,0.151542398033511,16.0,76.0,0.6363636363636364,0.6624102118126095
5,0.08917050896687344,16.0,76.0,0.9090909090909091,0.3340903185461542
8,0.04516164189100156,16.0,76.0,0.7272727272727273,0.24827197052988156
9,0.09628734460581147,16.0,76.0,0.9090909090909091,0.35061847308209676
9,0.11046445181475174,16.0,76.0,0.9090909090909091,0.40524412067306875
10,0.07142363921807937,16.0,76.0,0.8181818181818181,0.19942641696795127
1,0.1167680102167707,16.0,76.0,0.9090909090909091,0.34881089873293025
6,0.15136430106100032,16.0,76.0,0.4545454545454546,0.20977691655982364
8,0.06693176046237649,16.0,76.0,0.9090909090909091,0.12725316312246784
10,0.1182746761630955,16.0,77.0,0.8181818181818181,0.221518942474478
3,0.09539160591477178,16.0,77.0,0.7272727272727273,0.31706900893503254
10,0.18050550728166045,16.0,77.0,0.6363636363636364,0.5205447437286337
10,0.0985356360120919,16.0,77.0,0.7272727272727273,0.3809531492766403
3,0.08557992233030527,16.0,77.0,0.8181818181818181,0.18133091251765546
6,0.12627596079967565,16.0,77.0,0.9090909090909091,0.27141095228301576
8,0.11895992444506655,16.0,77.0,0.2727272727272727,0.19625567344906705
7,0.40762602949914645,16.0,77.0,0.36363636363636365,0.6716712021254913
9,0.39349660033768824,16.0,77.0,0.4545454545454546,0.48964880126861443
5,0.30807800371491745,16.0,77.0,0.5454545454545454,0.22362636392701474
10,0.1164251790765129,16.0,77.0,0.9090909090909091,0.37395131491759015
10,0.18206490200346556,16.0,77.0,0.9090909090909091,0.37747000694374244
6,0.08889179570574615,16.0,77.0,0.9090909090909091,0.2048161671001193
0,0.3287928122287342,17.0,78.0,0.9090909090909091,0.3668840313682198
3,0.10972827655869113,17.0,78.0,0.9090909090909091,0.2633263662140032
1,0.13146310148921447,17.0,78.0,0.9090909090909091,0.457975562931563
7,0.09643562390670184,17.0,78.0,0.7272727272727273,0.3164533724971486
10,0.07630946505516181,17.0,78.0,0.8181818181818181,0.23164619131436068
6,0.17975433656004244,17.0,78.0,0.5454545454545454,0.5253278478304122
10,0.07886987510505297,17.0,78.0,0.5454545454545454,0.33472531234201064
3,0.16749611687994045,17.0,78.0,0.18181818181818177,0.23882079196856335
8,0.10200288165468906,17.0,78.0,0.8181818181818181,0.28638604804037543
9,0.15847141812806992,18.0,79.0,0.9090909090909091,0.13808246119337225
1,0.2352996131427103,18.0,79.0,0.5454545454545454,0.2955389649116101
1,0.3772218733438195,18.0,79.0,0.8181818181818181,0.17898019027626705
5,0.06385733683775884,18.0,80.0,0.9090909090909091,0.498230354137075
3,0.09765682251270276,19.0,84.0,0.9090909090909091,0.23353132403826318
4,0.11397447531767058,19.0,84.0,0.6363636363636364,0.13629423787035283
5,0.05136388005971299,19.0,84.0,0.7272727272727273,0.229793570359185
5,0.07557429993271686,19.0,84.0,0.36363636363636365,0.23577421598971798
9,0.3360382987145959,19.0,84.0,0.7272727272727273,0.28670956809087234
10,0.12612726653489065,19.0,84.0,0.7272727272727273,0.1374487286920492
2,0.2177966930569217,19.0,84.0,0.9090909090909091,0.21378512319922252
8,0.0898368452890199,19.0,85.0,0.5454545454545454,0.13156234790139823
2,0.24052021514699196,19.0,85.0,0.5454545454545454,0.1993531203846915
1,0.3936843687863125,19.0,85.0,0.2727272727272727,0.15286277484553445
0,0.09319378413274773,19.0,85.0,0.9090909090909091,0.6592575894663883
7,0.17025322751704877,19.0,85.0,0.8181818181818181,0.18312320943831367
1,0.05589180679270148,19.0,85.0,0.6363636363636364,0.4169550746205145
7,0.25318797869917914,19.0,85.0,0.6363636363636364,0.3866926464604626
9,0.12059475650898059,19.0,86.0,0.9090909090909091,0.4885532562531371
1,0.29485732143500126,19.0,86.0,0.4545454545454546,0.5076540849655764
4,0.1130815007360635,19.0,86.0,0.9090909090909091,0.3520072573818094
10,0.09355189595351748,19.0,86.0,0.6363636363636364,0.24204197749836107
10,0.11673379327883734,19.0,86.0,0.7272727272727273,0.5300689940760263
10,0.08668508680511089,19.0,86.0,0.6363636363636364,0.35154780378192907
7,0.13483018175643846,19.0,86.0,0.6363636363636364,0.2840390484182804
5,0.06271761807065442,19.0,86.0,0.9090909090909091,0.1269584354363076
7,0.1265540802192175,19.0,86.0,0.9090909090909091,0.32328719820420626
1,0.0921162417323539,19.0,86.0,0.7272727272727273,0.345287516817476
6,0.60516810795434,19.0,86.0,0.8181818181818181,0.09925272526571194
0,0.10534754237608952,20.0,87.0,0.7272727272727273,0.40079734387334937
4,0.13762797538907548,20.0,87.0,0.9090909090909091,0.19357926726484082
10,0.09199444401404296,20.0,87.0,0.9090909090909091,0.3748826509047104
1,0.09853881570880266,20.0,89.0,0.8181818181818181,0.30145377907049736
9,0.16541254698170563,20.0,89.0,0.2727272727272727,0.17665401490307434
3,0.17261998205571685,20.0,89.0,0.36363636363636365,0.23231896254772313
10,0.10213925998273117,20.0,89.0,0.9090909090909091,0.2139019529874447
9,0.07869420095941307,20.0,89.0,0.9090909090909091,0.13192872976516165
6,0.07276334940357189,20.0,89.0,0.9090909090909091,0.18511664723545113
1,0.04982659489933891,20.0,89.0,0.8181818181818181,0.2515078547688968
3,0.06411912948503555,20.0,89.0,0.9090909090909091,0.12189564831195833
2,0.14332776414932466,20.0,89.0,0.7272727272727273,0.636726388055191
2,0.04841691346200555,20.0,89.0,0.9090909090909091,0.11991710222482314
5,0.5592450878865621,20.0,89.0,0.9090909090909091,0.7643057078975842
10,0.06069087698265688,20.0,89.0,0.8181818181818181,0.1448429857124136
6,0.5621468417799892,20.0,89.0,0.6363636363636364,0.6288525394127065
8,0.1786770570911852,20.0,89.0,0.9090909090909091,0.34047989161452374
8,0.11145108028265739,20.0,89.0,0.8181818181818181,0.3360395435943906
4,1.0,20.0,89.0,0.8181818181818181,0.9144815851849906
2,0.08808371188850177,20.0,90.0,0.6363636363636364,0.2117585464000271
1,0.10415785170766935,20.0,90.0,0.8181818181818181,0.40558529681584826
8,0.14432850156995813,20.0,90.0,0.8181818181818181,0.2465769592752155
0,0.12348224443834394,21.0,91.0,0.9090909090909091,0.25151500179763947
3,0.3054890917475529,21.0,92.0,0.6363636363636364,0.2798315874831878
7,0.06379517792546303,21.0,92.0,0.9090909090909091,0.16209607449394767
7,0.11881620497026224,21.0,92.0,0.9090909090909091,0.4020084201184316
5,0.08247772646420427,21.0,92.0,0.9090909090909091,0.1979774252236074
6,0.08103804402356803,21.0,93.0,0.9090909090909091,0.3283930469438162
1,0.17924733520700756,21.0,93.0,0.9090909090909091,0.27362659858484273
5,0.07755083066782549,21.0,94.0,0.7272727272727273,0.3659347186074344
5,0.15060312346122354,21.0,94.0,0.9090909090909091,0.49099453749902233
0,0.2685177472129026,21.0,94.0,0.9090909090909091,0.1279548816274094
5,0.10135614458453497,21.0,94.0,0.9090909090909091,0.14110556970559315
4,0.24000175101248575,21.0,94.0,0.9090909090909091,0.3537947389885025
3,0.09940990962128343,21.0,94.0,0.9090909090909091,0.2959220726925383
4,0.0925478390812709,21.0,94.0,0.9090909090909091,0.36439226572906636
2,0.1359979924671428,21.0,94.0,0.9090909090909091,0.29963887753472546
3,0.4627793915955106,21.0,94.0,0.7272727272727273,0.12251527899406606
1,0.2640526458928405,21.0,94.0,0.7272727272727273,0.4133676481175507
0,0.18957052544542755,21.0,94.0,0.9090909090909091,0.6328335172150193
10,0.10234735981571705,22.0,96.0,0.9090909090909091,0.2651670179650279
9,0.07364227953213184,22.0,96.0,0.8181818181818181,0.3566678915159992
9,0.15992228241168405,22.0,96.0,0.8181818181818181,0.469008473855508
9,0.11256062104438208,22.0,98.0,0.8181818181818181,0.511684068275925
5,0.0415305168050242,22.0,98.0,0.9090909090909091,0.2683095386075336
5,0.09090983617222886,22.0,98.0,0.7272727272727273,0.3374413102549334
9,0.15462312125692787,22.0,98.0,0.9090909090909091,0.4527471283628964
5,0.06858320849250435,22.0,98.0,0.9090909090909091,0.2756060855181045
7,0.08869586599127885,22.0,98.0,0.9090909090909091,0.21900635526935386
2,0.12756471852677911,22.0,98.0,0.9090909090909091,0.27967384845114945
2,0.675409432588779,22.0,98.0,0.36363636363636365,0.0775791108221096
10,0.16866684455371292,22.0,98.0,0.36363636363636365,0.25214105645144186
2,0.12050761171382789,22.0,98.0,0.7272727272727273,0.08843025348291822
1,0.10590620499263749,22.0,99.0,0.6363636363636364,0.3847786400445983
3,0.05916906791030081,22.0,99.0,0.8181818181818181,0.25522496264295785
8,0.06145282598503047,22.0,99.0,0.8181818181818181,0.10854636719594703
8,0.07114367497095526,22.0,99.0,0.6363636363636364,0.3247074645153839
10,0.04410150450698747,22.0,99.0,0.9090909090909091,0.1732132067180437
3,0.054125566756306774,22.0,99.0,0.9090909090909091,0.18329999204950734
9,0.04445252881671325,22.0,99.0,0.9090909090909091,0.1738446625700795
9,0.2951257279335708,22.0,99.0,0.9090909090909091,0.494175880601605
10,0.1188764583918196,22.0,99.0,0.9090909090909091,0.28786503218712217
10,0.059687070177550865,22.0,99.0,0.36363636363636365,0.29771414832121784
3,0.10392095000427458,23.0,102.0,0.9090909090909091,0.37153854530097097
1,0.06327507268321385,23.0,102.0,0.5454545454545454,0.24001177276760768
2,0.05360311925445204,23.0,102.0,0.9090909090909091,0.11293471557617656
8,0.03733207538381996,23.0,102.0,0.9090909090909091,0.37756041017488257
7,0.09149006969674382,23.0,103.0,0.4545454545454546,0.129058076126467
6,0.10570342454135404,23.0,103.0,0.6363636363636364,0.4109826911893168
7,0.08485650969544539,23.0,103.0,0.5454545454545454,0.235441939741342
7,0.22651278300346028,23.0,103.0,0.5454545454545454,0.11988574513586432
7,0.09146531004113757,23.0,103.0,0.36363636363636365,0.3006367608391705
3,0.16823787301822501,23.0,103.0,0.8181818181818181,0.18314220799262046
1,0.09823951514882816,23.0,103.0,0.9090909090909091,0.24886249594207485
3,0.05877231968160233,23.0,103.0,0.6363636363636364,0.19868632697139368
8,0.09199705714657215,23.0,103.0,0.9090909090909091,0.31045929518226656
8,0.7076971636597776,23.0,103.0,0.9090909090909091,0.7827358457221599
2,0.2183655944013672,23.0,103.0,0.9090909090909091,0.31964634841136286
2,0.06005752596950929,23.0,104.0,0.9090909090909091,0.25727016093661886
2,0.09416037064936177,23.0,104.0,0.6363636363636364,0.23728669247192014
10,0.3226345201342756,23.0,104.0,0.9090909090909091,0.8106267098332596
1,0.09906582648688594,23.0,104.0,0.8181818181818181,0.4032259166586309
3,0.3316929355151889,23.0,104.0,0.8181818181818181,0.5600610201564266
4,0.07066236833986478,23.0,104.0,0.8181818181818181,0.3269274868646435
2,0.04205181669404954,23.0,104.0,0.9090909090909091,0.34575775321185914
9,0.42989069645260486,24.0,105.0,0.9090909090909091,0.2887025745649253
7,0.16135290361264648,24.0,105.0,0.8181818181818181,0.15633344682635453
7,0.07222261221561943,24.0,105.0,0.8181818181818181,0.1839698614797754
5,0.21333645970698276,24.0,106.0,0.9090909090909091,0.4615319868147452
9,0.1227173393573064,24.0,106.0,0.9090909090909091,0.3022118017256913
7,0.07885383780190278,24.0,107.0,0.9090909090909091,0.2723650949180919
4,0.10236191234786873,24.0,107.0,0.7272727272727273,0.17913609812140532
4,0.0967012786014383,24.0,107.0,0.7272727272727273,0.15611345771585208
0,0.08777160544385859,24.0,107.0,0.9090909090909091,0.11992630350607501
4,0.10771134661828431,24.0,107.0,0.9090909090909091,0.2927013967764661
9,0.0675566374476582,24.0,107.0,0.9090909090909091,0.16585005787497906
4,0.057102168475024445,24.0,107.0,0.6363636363636364,0.1655236398801686
6,0.2513339500691645,24.0,107.0,0.6363636363636364,0.1350815432816489
6,0.1792926175462715,24.0,108.0,0.9090909090909091,0.4394774535677488
